Tweet,Tokens,Label,Prediction
look presidential bet ferdinand spokesperson atty vic rodriquez issues statement gratitude iglesia cristo following endorsement marcos-duterte tandem tuesday atty vic rodriguez/fb,"['look', 'presidential', 'bet', 'ferdinand', 'spokesperson', 'atty', 'vic', 'rodriquez', 'issues', 'statement', 'gratitude', 'iglesia', 'cristo', 'following', 'endorsement', 'marcos-duterte', 'tandem', 'tuesday', 'atty', 'vic', 'rodriguez/fb']",Neutral,0.9192395806312561
watch says decision run president difficult one make also daughters like siblings know respond duty calls get live updates,"['watch', 'says', 'decision', 'run', 'president', 'difficult', 'one', 'make', 'also', 'daughters', 'like', 'siblings', 'know', 'respond', 'duty', 'calls', 'get', 'live', 'updates']",Neutral,0.8772650957107544
tv host vice ganda sings rosas vp via,"['tv', 'host', 'vice', 'ganda', 'sings', 'rosas', 'vp', 'via']",Neutral,0.8644658327102661
vice president senator kiko pangilinan set conclude three-month nationwide campaign via miting avance naga city makati city,"['vice', 'president', 'senator', 'kiko', 'pangilinan', 'set', 'conclude', 'three-month', 'nationwide', 'campaign', 'via', 'miting', 'avance', 'naga', 'city', 'makati', 'city']",Neutral,0.8478008508682251
presidential bet vp says ph use arbitral victory leverage china leading asean nations forging binding code conduct south china sea,"['presidential', 'bet', 'vp', 'says', 'ph', 'use', 'arbitral', 'victory', 'leverage', 'china', 'leading', 'asean', 'nations', 'forging', 'binding', 'code', 'conduct', 'south', 'china', 'sea']",Neutral,0.8357272148132324
harapan march via,"['harapan', 'march', 'via']",Neutral,0.8288031220436096
ptv interview march ruel via,"['ptv', 'interview', 'march', 'ruel', 'via']",Neutral,0.8286440968513489
presidential candidate says willing release statement assets liabilities net worth saln public presidential debate hosted smni,"['presidential', 'candidate', 'says', 'willing', 'release', 'statement', 'assets', 'liabilities', 'net', 'worth', 'saln', 'public', 'presidential', 'debate', 'hosted', 'smni']",Neutral,0.8270257115364075
vice president senator say favor same-sex civil unions senator maintains read,"['vice', 'president', 'senator', 'say', 'favor', 'same-sex', 'civil', 'unions', 'senator', 'maintains', 'read']",Neutral,0.826166033744812
bukas election kiko pangilinan bal0ta,"['bukas', 'election', 'kiko', 'pangilinan', 'bal0ta']",Neutral,0.8001906275749207
presidential aspirant second comelec debates sunday said many politicians party-lists follow agenda benefits interest capitalists elitists live updates,"['presidential', 'aspirant', 'second', 'comelec', 'debates', 'sunday', 'said', 'many', 'politicians', 'party-lists', 'follow', 'agenda', 'benefits', 'interest', 'capitalists', 'elitists', 'live', 'updates']",Neutral,0.800020158290863
tuktok presidential aspirant challenged voters seeking change vote leader coming labor sector live updates,"['tuktok', 'presidential', 'aspirant', 'challenged', 'voters', 'seeking', 'change', 'vote', 'leader', 'coming', 'labor', 'sector', 'live', 'updates']",Neutral,0.7932834625244141
vice president running mate sen kiko pangilinan appealed supporters tuesday help counter disinformation online days left campaign period elections,"['vice', 'president', 'running', 'mate', 'sen', 'kiko', 'pangilinan', 'appealed', 'supporters', 'tuesday', 'help', 'counter', 'disinformation', 'online', 'days', 'left', 'campaign', 'period', 'elections']",Neutral,0.7919533848762512
aerial shots pm marcos-sara duterte uniteam luzon miting avance lakas-cmd,"['aerial', 'shots', 'pm', 'marcos-sara', 'duterte', 'uniteam', 'luzon', 'miting', 'avance', 'lakas-cmd']",Neutral,0.7835264205932617
tatanglaw bayan ilaw tahanan,"['tatanglaw', 'bayan', 'ilaw', 'tahanan']",Neutral,0.7834790945053101
pinabulaanan presidential candidate bali-balitang sinibak lacson-sotto senatorial lineup sina ex-vp jejomar binay sen richard gordon,"['pinabulaanan', 'presidential', 'candidate', 'bali-balitang', 'sinibak', 'lacson-sotto', 'senatorial', 'lineup', 'sina', 'ex-vp', 'jejomar', 'binay', 'sen', 'richard', 'gordon']",Neutral,0.7812221646308899
robredo.https://t.co/aivbguucbp,['robredo.https://t.co/aivbguucbp'],Neutral,0.7750769853591919
insults vice president presidential candidate ask attend,"['insults', 'vice', 'president', 'presidential', 'candidate', 'ask', 'attend']",Neutral,0.7727492451667786
presidential candidate seeks passage law banning political butterfly,"['presidential', 'candidate', 'seeks', 'passage', 'law', 'banning', 'political', 'butterfly']",Neutral,0.7695720791816711
vice president presidential bet cnn philippines presidential debate held ust manila photos vp media bureau,"['vice', 'president', 'presidential', 'bet', 'cnn', 'philippines', 'presidential', 'debate', 'held', 'ust', 'manila', 'photos', 'vp', 'media', 'bureau']",Neutral,0.7648571729660034
look pres'l aspirant delivers introductory speech smni's pres'l debate stressed need strengthen agriculture tourism industries follow thread speeches answers via,"['look', ""pres'l"", 'aspirant', 'delivers', 'introductory', 'speech', ""smni's"", ""pres'l"", 'debate', 'stressed', 'need', 'strengthen', 'agriculture', 'tourism', 'industries', 'follow', 'thread', 'speeches', 'answers', 'via']",Neutral,0.7587543725967407
th president,"['th', 'president']",Neutral,0.7584624290466309
presidential aspirant vp running independent candidate nag-resign liberal party running independent symbolic way showing bukas makipag-alyansa maraming partido,"['presidential', 'aspirant', 'vp', 'running', 'independent', 'candidate', 'nag-resign', 'liberal', 'party', 'running', 'independent', 'symbolic', 'way', 'showing', 'bukas', 'makipag-alyansa', 'maraming', 'partido']",Neutral,0.7566584944725037
presidential aspirant vp running independent candidate nag-resign liberal party running independent symbolic way showing bukas makipag-alyansa maraming partido,"['presidential', 'aspirant', 'vp', 'running', 'independent', 'candidate', 'nag-resign', 'liberal', 'party', 'running', 'independent', 'symbolic', 'way', 'showing', 'bukas', 'makipag-alyansa', 'maraming', 'partido']",Neutral,0.7566584944725037
hashtags trended twitter vice president announced presidential bid elections thursday oct read,"['hashtags', 'trended', 'twitter', 'vice', 'president', 'announced', 'presidential', 'bid', 'elections', 'thursday', 'oct', 'read']",Neutral,0.7544500827789307
ngayong darating halalan tatanglaw buong bayan ilaw tahanan,"['ngayong', 'darating', 'halalan', 'tatanglaw', 'buong', 'bayan', 'ilaw', 'tahanan']",Neutral,0.7450680732727051
presidential aspirant vice president says candidates attend participate debates show respect voters,"['presidential', 'aspirant', 'vice', 'president', 'says', 'candidates', 'attend', 'participate', 'debates', 'show', 'respect', 'voters']",Neutral,0.7433598637580872
salpukan kulay eksena social media matapos mag-anunsyo kandidatura si vice president tinapatan naman tagasuporta davao city sara duterte via,"['salpukan', 'kulay', 'eksena', 'social', 'media', 'matapos', 'mag-anunsyo', 'kandidatura', 'si', 'vice', 'president', 'tinapatan', 'naman', 'tagasuporta', 'davao', 'city', 'sara', 'duterte', 'via']",Neutral,0.7418043613433838
presents pangilinan vp polls liberal party adopts presidential bet read,"['presents', 'pangilinan', 'vp', 'polls', 'liberal', 'party', 'adopts', 'presidential', 'bet', 'read']",Neutral,0.7403163909912109
nationwide supporters aklan via,"['nationwide', 'supporters', 'aklan', 'via']",Neutral,0.7390047311782837
last day campaign period saturday outgoing president rodrigo duterte endorse daughter's standard-bearer ferdinand read,"['last', 'day', 'campaign', 'period', 'saturday', 'outgoing', 'president', 'rodrigo', 'duterte', 'endorse', ""daughter's"", 'standard-bearer', 'ferdinand', 'read']",Neutral,0.7333241105079651
took blind test top candidates ernesto,"['took', 'blind', 'test', 'top', 'candidates', 'ernesto']",Neutral,0.7321862578392029
presidential candidate said corruption always problem old system noted problems like poverty fewer job opportunities caused via,"['presidential', 'candidate', 'said', 'corruption', 'always', 'problem', 'old', 'system', 'noted', 'problems', 'like', 'poverty', 'fewer', 'job', 'opportunities', 'caused', 'via']",Neutral,0.7287465929985046
reporter's review lian buan via,"[""reporter's"", 'review', 'lian', 'buan', 'via']",Neutral,0.7284996509552002
challenge bir file criminal case ferdinand sign petition via,"['challenge', 'bir', 'file', 'criminal', 'case', 'ferdinand', 'sign', 'petition', 'via']",Neutral,0.7252280116081238
vp robredo's final words direct hit po wag nating hanapin ayaw namang humarap true leaders show po darating best job woman,"['vp', ""robredo's"", 'final', 'words', 'direct', 'hit', 'po', 'wag', 'nating', 'hanapin', 'ayaw', 'namang', 'humarap', 'true', 'leaders', 'show', 'po', 'darating', 'best', 'job', 'woman']",Neutral,0.7178641557693481
corruption vp says caused weakness system people enumerates several instrumentalities including full disclosure act digitalizing gov't transactions,"['corruption', 'vp', 'says', 'caused', 'weakness', 'system', 'people', 'enumerates', 'several', 'instrumentalities', 'including', 'full', 'disclosure', 'act', 'digitalizing', ""gov't"", 'transactions']",Neutral,0.7167747616767883
tugon vp pahayag kampo bbm nakunang di umano namimgay pera tarlac sortie uniteam kampo via,"['tugon', 'vp', 'pahayag', 'kampo', 'bbm', 'nakunang', 'di', 'umano', 'namimgay', 'pera', 'tarlac', 'sortie', 'uniteam', 'kampo', 'via']",Neutral,0.7161492109298706
ipinagkibit-balikat nina presidential bets sen resulta huling survey pulse asia research inc naniniwala naman si sen maipapanalo magic via,"['ipinagkibit-balikat', 'nina', 'presidential', 'bets', 'sen', 'resulta', 'huling', 'survey', 'pulse', 'asia', 'research', 'inc', 'naniniwala', 'naman', 'si', 'sen', 'maipapanalo', 'magic', 'via']",Neutral,0.7159319519996643
ibonoto po kiko pangilinan villanueva trillanes tulfo villar binay legarda gatchalian eleazar padilla gordon party list act cis,"['ibonoto', 'po', 'kiko', 'pangilinan', 'villanueva', 'trillanes', 'tulfo', 'villar', 'binay', 'legarda', 'gatchalian', 'eleazar', 'padilla', 'gordon', 'party', 'list', 'act', 'cis']",Neutral,0.7151630520820618
president doc willie vp senator chel diokno risa hontiveros alex carmen zubiaga neri colmenares dr carl balita wag iboto kiko mananalo,"['president', 'doc', 'willie', 'vp', 'senator', 'chel', 'diokno', 'risa', 'hontiveros', 'alex', 'carmen', 'zubiaga', 'neri', 'colmenares', 'dr', 'carl', 'balita', 'wag', 'iboto', 'kiko', 'mananalo']",Neutral,0.7143511176109314
ngayong gabi miting avance tambalang senador senate president tito sotto cavite,"['ngayong', 'gabi', 'miting', 'avance', 'tambalang', 'senador', 'senate', 'president', 'tito', 'sotto', 'cavite']",Neutral,0.7105898857116699
missing last night's presidential debate sponsored commission elections comelec former senator saturday cited importance campaigning directly masses read,"['missing', 'last', ""night's"", 'presidential', 'debate', 'sponsored', 'commission', 'elections', 'comelec', 'former', 'senator', 'saturday', 'cited', 'importance', 'campaigning', 'directly', 'masses', 'read']",Neutral,0.7054958939552307
nadine says,"['nadine', 'says']",Neutral,0.7038216590881348
panoorin mainit tinanggap samarenos via,"['panoorin', 'mainit', 'tinanggap', 'samarenos', 'via']",Neutral,0.7026455998420715
replika app supporting,"['replika', 'app', 'supporting']",Neutral,0.7010389566421509
election update iginiit presidential candidate madali politiko magpalipat-lipat partido,"['election', 'update', 'iginiit', 'presidential', 'candidate', 'madali', 'politiko', 'magpalipat-lipat', 'partido']",Neutral,0.6961809992790222
influential religious group iglesia cristo inc tuesday endorsed ferdinand president davao city sara duterte vice president six days polls,"['influential', 'religious', 'group', 'iglesia', 'cristo', 'inc', 'tuesday', 'endorsed', 'ferdinand', 'president', 'davao', 'city', 'sara', 'duterte', 'vice', 'president', 'six', 'days', 'polls']",Neutral,0.6927671432495117
president next week,"['president', 'next', 'week']",Neutral,0.6844596862792969
nilinaw kampo presidential candidate sen ka-tandem si sen tito sotto pinal senatorial lineup anila tuluyang inaalis listahan sina dating vice president jejomar binay sen richard gordon,"['nilinaw', 'kampo', 'presidential', 'candidate', 'sen', 'ka-tandem', 'si', 'sen', 'tito', 'sotto', 'pinal', 'senatorial', 'lineup', 'anila', 'tuluyang', 'inaalis', 'listahan', 'sina', 'dating', 'vice', 'president', 'jejomar', 'binay', 'sen', 'richard', 'gordon']",Neutral,0.6807786226272583
vice pres holds grand rally dubbed liyag kay agusan del sur final stretch campaign,"['vice', 'pres', 'holds', 'grand', 'rally', 'dubbed', 'liyag', 'kay', 'agusan', 'del', 'sur', 'final', 'stretch', 'campaign']",Neutral,0.6795161962509155
president,['president'],Neutral,0.6769129037857056
president,['president'],Neutral,0.6769128441810608
president,['president'],Neutral,0.6769128441810608
president,['president'],Neutral,0.6769128441810608
president,['president'],Neutral,0.6769128441810608
president,['president'],Neutral,0.6769128441810608
president,['president'],Neutral,0.6769128441810608
president,['president'],Neutral,0.6769128441810608
president,['president'],Neutral,0.6769128441810608
president,['president'],Neutral,0.6769128441810608
president,['president'],Neutral,0.6769128441810608
president,['president'],Neutral,0.6769128441810608
wohooo president,"['wohooo', 'president']",Neutral,0.6769128441810608
president,['president'],Neutral,0.6769128441810608
president,['president'],Neutral,0.6769128441810608
president,['president'],Neutral,0.6769128441810608
president,['president'],Neutral,0.6769128441810608
president,['president'],Neutral,0.6769128441810608
president,['president'],Neutral,0.6769128441810608
took blind test top candidate,"['took', 'blind', 'test', 'top', 'candidate']",Neutral,0.6699867844581604
gumulo buong sitwasyon supreme court presidential candidate doctor economist lawyer dr blames supreme court justices making parameters party-lists vague live updates,"['gumulo', 'buong', 'sitwasyon', 'supreme', 'court', 'presidential', 'candidate', 'doctor', 'economist', 'lawyer', 'dr', 'blames', 'supreme', 'court', 'justices', 'making', 'parameters', 'party-lists', 'vague', 'live', 'updates']",Neutral,0.6686542630195618
presidential candidate ferdinand getting bigger numbers across regions according private pollster pulse asia,"['presidential', 'candidate', 'ferdinand', 'getting', 'bigger', 'numbers', 'across', 'regions', 'according', 'private', 'pollster', 'pulse', 'asia']",Neutral,0.6655853390693665
breaking former ifugao rep teddy baguilat filed certificate candidacy senate vice president earlier stated baguilat part senatorial slate via,"['breaking', 'former', 'ifugao', 'rep', 'teddy', 'baguilat', 'filed', 'certificate', 'candidacy', 'senate', 'vice', 'president', 'earlier', 'stated', 'baguilat', 'part', 'senatorial', 'slate', 'via']",Neutral,0.6648956537246704
vice presidential spokesperson barry gutierrez listed channels one explore looking help vp,"['vice', 'presidential', 'spokesperson', 'barry', 'gutierrez', 'listed', 'channels', 'one', 'explore', 'looking', 'help', 'vp']",Neutral,0.663317859172821
expected senators tito sotto kiko pangilinan well buhay partylist congressman lito atienza banned attend remaining sessions th congress end till june,"['expected', 'senators', 'tito', 'sotto', 'kiko', 'pangilinan', 'well', 'buhay', 'partylist', 'congressman', 'lito', 'atienza', 'banned', 'attend', 'remaining', 'sessions', 'th', 'congress', 'end', 'till', 'june']",Neutral,0.662634015083313
food security says ph aggressive preparing future problems food shortage via,"['food', 'security', 'says', 'ph', 'aggressive', 'preparing', 'future', 'problems', 'food', 'shortage', 'via']",Neutral,0.6533910036087036
ngayong darating halalan tatanglaw buong bayan ilaw tahanan vp,"['ngayong', 'darating', 'halalan', 'tatanglaw', 'buong', 'bayan', 'ilaw', 'tahanan', 'vp']",Neutral,0.652439534664154
long-time public servant presidential candidate says proudly say hands clean corruption read,"['long-time', 'public', 'servant', 'presidential', 'candidate', 'says', 'proudly', 'say', 'hands', 'clean', 'corruption', 'read']",Neutral,0.6510941982269287
governors present meeting tonight headquartiers mandaluyong city gov dakila dax cua quirino ulap president gov imelda dimaporo lanao del norte gov francisco emmanuel pacoy ortega iii union gov nancy catamco cotabato,"['governors', 'present', 'meeting', 'tonight', 'headquartiers', 'mandaluyong', 'city', 'gov', 'dakila', 'dax', 'cua', 'quirino', 'ulap', 'president', 'gov', 'imelda', 'dimaporo', 'lanao', 'del', 'norte', 'gov', 'francisco', 'emmanuel', 'pacoy', 'ortega', 'iii', 'union', 'gov', 'nancy', 'catamco', 'cotabato']",Neutral,0.6481298804283142
tweet quoted article vice news,"['tweet', 'quoted', 'article', 'vice', 'news']",Neutral,0.6455420851707458
bongbong's pro-china stance allow beijing gain ground quest control entire south china sea,"[""bongbong's"", 'pro-china', 'stance', 'allow', 'beijing', 'gain', 'ground', 'quest', 'control', 'entire', 'south', 'china', 'sea']",Neutral,0.6440845727920532
supporters presidential candidate vice president brings festive mood streets surrounding university santo tomas cheer lone woman vying top position government team,"['supporters', 'presidential', 'candidate', 'vice', 'president', 'brings', 'festive', 'mood', 'streets', 'surrounding', 'university', 'santo', 'tomas', 'cheer', 'lone', 'woman', 'vying', 'top', 'position', 'government', 'team']",Neutral,0.642155110836029
th anniversary edsa revolution tita winnie found ominous declare newfound enthusiasm edsa stands ferdinand running president draws parallelism cory aquino,"['th', 'anniversary', 'edsa', 'revolution', 'tita', 'winnie', 'found', 'ominous', 'declare', 'newfound', 'enthusiasm', 'edsa', 'stands', 'ferdinand', 'running', 'president', 'draws', 'parallelism', 'cory', 'aquino']",Neutral,0.6394877433776855
president vice president pangilinan kiko senators diokno chel hontiveros risa colmenares neri espiritu luke pang tropang angat,"['president', 'vice', 'president', 'pangilinan', 'kiko', 'senators', 'diokno', 'chel', 'hontiveros', 'risa', 'colmenares', 'neri', 'espiritu', 'luke', 'pang', 'tropang', 'angat']",Neutral,0.6378210186958313
podiums presidential hopefuls skipped in-person debates left vacant among vice president manila senators,"['podiums', 'presidential', 'hopefuls', 'skipped', 'in-person', 'debates', 'left', 'vacant', 'among', 'vice', 'president', 'manila', 'senators']",Neutral,0.6358903050422668
malaki po yung disconnect curriculum industry..ex bpo daming trabaho nag qua-qualify maritime grabe opportunity yung skills tutukan stem regional centers,"['malaki', 'po', 'yung', 'disconnect', 'curriculum', 'industry..ex', 'bpo', 'daming', 'trabaho', 'nag', 'qua-qualify', 'maritime', 'grabe', 'opportunity', 'yung', 'skills', 'tutukan', 'stem', 'regional', 'centers']",Neutral,0.634699821472168
presidential frontrunner uniteam promises new society unity anew proclamation rally quezon city monday february full story,"['presidential', 'frontrunner', 'uniteam', 'promises', 'new', 'society', 'unity', 'anew', 'proclamation', 'rally', 'quezon', 'city', 'monday', 'february', 'full', 'story']",Neutral,0.6314525604248047
ilonggos city woke friday october pink ribbons cars donned tarpaulins flyers expressing support vice president robredo's presidential bid,"['ilonggos', 'city', 'woke', 'friday', 'october', 'pink', 'ribbons', 'cars', 'donned', 'tarpaulins', 'flyers', 'expressing', 'support', 'vice', 'president', ""robredo's"", 'presidential', 'bid']",Neutral,0.6314387321472168
vp response trillion debt kuha cnn presidential debate filipino votes panuorin live,"['vp', 'response', 'trillion', 'debt', 'kuha', 'cnn', 'presidential', 'debate', 'filipino', 'votes', 'panuorin', 'live']",Neutral,0.6309807896614075
president vice president pangilinan kiko senators baguilat teddy cabonegro roy colmenares neri d'angelo david leila diokno chel espiritu luke hontiveros risa labog elmer kuya alex,"['president', 'vice', 'president', 'pangilinan', 'kiko', 'senators', 'baguilat', 'teddy', 'cabonegro', 'roy', 'colmenares', 'neri', ""d'angelo"", 'david', 'leila', 'diokno', 'chel', 'espiritu', 'luke', 'hontiveros', 'risa', 'labog', 'elmer', 'kuya', 'alex']",Neutral,0.6305098533630371
aspiring president vp finally addresses crowd naga city speaks home crowd vernacular,"['aspiring', 'president', 'vp', 'finally', 'addresses', 'crowd', 'naga', 'city', 'speaks', 'home', 'crowd', 'vernacular']",Neutral,0.6304985284805298
number balota lt,"['number', 'balota', 'lt']",Neutral,0.6304157376289368
pulse asia believes latest survey showing lead could reflect result polls inquirer news,"['pulse', 'asia', 'believes', 'latest', 'survey', 'showing', 'lead', 'could', 'reflect', 'result', 'polls', 'inquirer', 'news']",Neutral,0.6301631331443787
said naniniwala dealines sen hahaha,"['said', 'naniniwala', 'dealines', 'sen', 'hahaha']",Neutral,0.6293252110481262
wag pong kakalimutan bukass election day president number po balota inday sara duterte vice president number po balota maraming salamat po,"['wag', 'pong', 'kakalimutan', 'bukass', 'election', 'day', 'president', 'number', 'po', 'balota', 'inday', 'sara', 'duterte', 'vice', 'president', 'number', 'po', 'balota', 'maraming', 'salamat', 'po']",Neutral,0.6292582154273987
im happy picked thread article glad help esports personalities supporting check article ph esports personalities wade election battle choice via,"['im', 'happy', 'picked', 'thread', 'article', 'glad', 'help', 'esports', 'personalities', 'supporting', 'check', 'article', 'ph', 'esports', 'personalities', 'wade', 'election', 'battle', 'choice', 'via']",Neutral,0.6287309527397156
historical baggage race philippine presidency cna cna breaking news singapore news world asia,"['historical', 'baggage', 'race', 'philippine', 'presidency', 'cna', 'cna', 'breaking', 'news', 'singapore', 'news', 'world', 'asia']",Neutral,0.625565767288208
presidente bise presidente kiko pangilinan,"['presidente', 'bise', 'presidente', 'kiko', 'pangilinan']",Neutral,0.6246848702430725
presidente bise presidente kiko pangilinan,"['presidente', 'bise', 'presidente', 'kiko', 'pangilinan']",Neutral,0.6246848702430725
presidente,['presidente'],Neutral,0.6228167414665222
president claim million ayala counting naga,"['president', 'claim', 'million', 'ayala', 'counting', 'naga']",Neutral,0.6200609803199768
mins campaign period ends kiko pangilinan chel diokno,"['mins', 'campaign', 'period', 'ends', 'kiko', 'pangilinan', 'chel', 'diokno']",Neutral,0.6196987628936768
hello po matagal pong cleared pangalan vp po noong ma-dismiss eto naman po check niyo,"['hello', 'po', 'matagal', 'pong', 'cleared', 'pangalan', 'vp', 'po', 'noong', 'ma-dismiss', 'eto', 'naman', 'po', 'check', 'niyo']",Neutral,0.6195964813232422
president vice president kiko pangilinan,"['president', 'vice', 'president', 'kiko', 'pangilinan']",Neutral,0.6184906363487244
president vice president kiko pangilinan,"['president', 'vice', 'president', 'kiko', 'pangilinan']",Neutral,0.6184906363487244
president vice president kiko pangilinan,"['president', 'vice', 'president', 'kiko', 'pangilinan']",Neutral,0.6184906363487244
vice president delivered powerful closing statement comelec presidential debates,"['vice', 'president', 'delivered', 'powerful', 'closing', 'statement', 'comelec', 'presidential', 'debates']",Neutral,0.6184834837913513
pres vp kiko pangilinan road,"['pres', 'vp', 'kiko', 'pangilinan', 'road']",Neutral,0.6180877089500427
president sara duterte vice president,"['president', 'sara', 'duterte', 'vice', 'president']",Neutral,0.6172405481338501
president sara duterte vice president,"['president', 'sara', 'duterte', 'vice', 'president']",Neutral,0.6172405481338501
presidential resibo wars via,"['presidential', 'resibo', 'wars', 'via']",Neutral,0.6167513728141785
interested knowing timeline stint wharton elected vice governor ilocos norte read,"['interested', 'knowing', 'timeline', 'stint', 'wharton', 'elected', 'vice', 'governor', 'ilocos', 'norte', 'read']",Neutral,0.6148824095726013
look journalism students prefer vice president maria leonor six presidential candidates according pulse survey results issued ust journalism society poster facebook,"['look', 'journalism', 'students', 'prefer', 'vice', 'president', 'maria', 'leonor', 'six', 'presidential', 'candidates', 'according', 'pulse', 'survey', 'results', 'issued', 'ust', 'journalism', 'society', 'poster', 'facebook']",Neutral,0.6109057664871216
ayon kay presidential candidate sen umiikot projection kampanya naman masyadong aktibo social media kagaya kandidato pagkapangulo aniya nag-iingat takot ma-fact check,"['ayon', 'kay', 'presidential', 'candidate', 'sen', 'umiikot', 'projection', 'kampanya', 'naman', 'masyadong', 'aktibo', 'social', 'media', 'kagaya', 'kandidato', 'pagkapangulo', 'aniya', 'nag-iingat', 'takot', 'ma-fact', 'check']",Neutral,0.6097578406333923
manifest president vice president kiko pangilinan,"['manifest', 'president', 'vice', 'president', 'kiko', 'pangilinan']",Neutral,0.6081252098083496
icymi akbayan party-list tuesday asked commission elections comelec reconsider decision junking petition disqualify presidential aspirant ferdinand elections,"['icymi', 'akbayan', 'party-list', 'tuesday', 'asked', 'commission', 'elections', 'comelec', 'reconsider', 'decision', 'junking', 'petition', 'disqualify', 'presidential', 'aspirant', 'ferdinand', 'elections']",Neutral,0.6073606610298157
said right qualified president,"['said', 'right', 'qualified', 'president']",Neutral,0.6073382496833801
nakashade balota pangilinan kiko,"['nakashade', 'balota', 'pangilinan', 'kiko']",Neutral,0.6044942736625671
francisco presidente,"['francisco', 'presidente']",Neutral,0.6036881804466248
hinimok presidential aspirant botante isulong ipaglaban pagbabago ninanais natin darating,"['hinimok', 'presidential', 'aspirant', 'botante', 'isulong', 'ipaglaban', 'pagbabago', 'ninanais', 'natin', 'darating']",Neutral,0.6024996638298035
di sayangin kiko pangilinan chel diokno kalix jace mertinez,"['di', 'sayangin', 'kiko', 'pangilinan', 'chel', 'diokno', 'kalix', 'jace', 'mertinez']",Neutral,0.6003286838531494
tingnan senator kiko pangilinan emosyonal press conference vp,"['tingnan', 'senator', 'kiko', 'pangilinan', 'emosyonal', 'press', 'conference', 'vp']",Neutral,0.5993846654891968
cnn debate question pandemic happened resibo covid response office vice president minutes kay pangulong,"['cnn', 'debate', 'question', 'pandemic', 'happened', 'resibo', 'covid', 'response', 'office', 'vice', 'president', 'minutes', 'kay', 'pangulong']",Neutral,0.5981374979019165
ldr really saving distracting election anxiety every night puro political songs rin naman maaa napost trying hard neutral stan acc nkklk l)vp sen kiko pangilinan,"['ldr', 'really', 'saving', 'distracting', 'election', 'anxiety', 'every', 'night', 'puro', 'political', 'songs', 'rin', 'naman', 'maaa', 'napost', 'trying', 'hard', 'neutral', 'stan', 'acc', 'nkklk', 'l)vp', 'sen', 'kiko', 'pangilinan']",Neutral,0.5965375900268555
vote kiko pangilinan,"['vote', 'kiko', 'pangilinan']",Neutral,0.5943431258201599
wag nating hanapin ayaw humarap true leaders show best job woman vp,"['wag', 'nating', 'hanapin', 'ayaw', 'humarap', 'true', 'leaders', 'show', 'best', 'job', 'woman', 'vp']",Neutral,0.591618537902832
Nationwide Poll Survey Result lead voters significantly large almost undefeatable kiko pangilinan outnumbers duterte eight regions higher aggregate number registered voters,"['Nationwide', 'Poll', 'Survey', 'Result', 'lead', 'voters', 'significantly', 'large', 'almost', 'undefeatable', 'kiko', 'pangilinan', 'outnumbers', 'duterte', 'eight', 'regions', 'higher', 'aggregate', 'number', 'registered', 'voters']",Neutral,0.5906519293785095
gathering massive crowds different sorties vice president bypasses need focus securing local leaders support senate minority leader franklin drilon says,"['gathering', 'massive', 'crowds', 'different', 'sorties', 'vice', 'president', 'bypasses', 'need', 'focus', 'securing', 'local', 'leaders', 'support', 'senate', 'minority', 'leader', 'franklin', 'drilon', 'says']",Neutral,0.5901728272438049
highlight vp mda nung binaggit isa-isa yung biktima war drugs introductory statement sisters speeches kiko kilabot,"['highlight', 'vp', 'mda', 'nung', 'binaggit', 'isa-isa', 'yung', 'biktima', 'war', 'drugs', 'introductory', 'statement', 'sisters', 'speeches', 'kiko', 'kilabot']",Neutral,0.5893917083740234
caps day campaign tour pangasinan province evening unity concert bayambang presidential bet absent cnn ph debate manila earlier,"['caps', 'day', 'campaign', 'tour', 'pangasinan', 'province', 'evening', 'unity', 'concert', 'bayambang', 'presidential', 'bet', 'absent', 'cnn', 'ph', 'debate', 'manila', 'earlier']",Neutral,0.588794469833374
wdym mingyu said,"['wdym', 'mingyu', 'said']",Neutral,0.5879780054092407
president vice president kiko pangilinan senators chel diokno risa hontiveros antonio trillanes leila teddy baguilat partylist kapamilya partylist,"['president', 'vice', 'president', 'kiko', 'pangilinan', 'senators', 'chel', 'diokno', 'risa', 'hontiveros', 'antonio', 'trillanes', 'leila', 'teddy', 'baguilat', 'partylist', 'kapamilya', 'partylist']",Neutral,0.5873726010322571
presidential aspirant making statement assets liabilities net worth public,"['presidential', 'aspirant', 'making', 'statement', 'assets', 'liabilities', 'net', 'worth', 'public']",Neutral,0.5820390582084656
best job woman lt,"['best', 'job', 'woman', 'lt']",Neutral,0.5811408758163452
vacant podium reserved president ferdinand edralin first,"['vacant', 'podium', 'reserved', 'president', 'ferdinand', 'edralin', 'first']",Neutral,0.580414891242981
vice president human rights lawyer chel diokno made lemonades lemons appropriately lugaw rice embraced common insults thrown critics respective campaigns read,"['vice', 'president', 'human', 'rights', 'lawyer', 'chel', 'diokno', 'made', 'lemonades', 'lemons', 'appropriately', 'lugaw', 'rice', 'embraced', 'common', 'insults', 'thrown', 'critics', 'respective', 'campaigns', 'read']",Neutral,0.5802170634269714
nanuyo ulit botante mindanao si presidential bet vice president ilang araw tinungo agusan del sur inendorso ilang lokal kandidato noong nanalo maraming lugar mindanao si,"['nanuyo', 'ulit', 'botante', 'mindanao', 'si', 'presidential', 'bet', 'vice', 'president', 'ilang', 'araw', 'tinungo', 'agusan', 'del', 'sur', 'inendorso', 'ilang', 'lokal', 'kandidato', 'noong', 'nanalo', 'maraming', 'lugar', 'mindanao', 'si']",Neutral,0.5783830881118774
earlier vp di napigilang tanggalin high heels matapos filipino votes presidential debate cnn philippines true leadership stepping showing even means standing heels hrs vp,"['earlier', 'vp', 'di', 'napigilang', 'tanggalin', 'high', 'heels', 'matapos', 'filipino', 'votes', 'presidential', 'debate', 'cnn', 'philippines', 'true', 'leadership', 'stepping', 'showing', 'even', 'means', 'standing', 'heels', 'hrs', 'vp']",Neutral,0.5781639814376831
ferdinand really would depend inside agreements says philippines partners philippines,"['ferdinand', 'really', 'would', 'depend', 'inside', 'agreements', 'says', 'philippines', 'partners', 'philippines']",Neutral,0.57798832654953
po iboboto si bbm rin po iboboto si po iboboto marhay aldao,"['po', 'iboboto', 'si', 'bbm', 'rin', 'po', 'iboboto', 'si', 'po', 'iboboto', 'marhay', 'aldao']",Neutral,0.5765503644943237
told change display icon clouds sky unless we'll get chanbaek collab added pink twb show support kiko pangilinan,"['told', 'change', 'display', 'icon', 'clouds', 'sky', 'unless', ""we'll"", 'get', 'chanbaek', 'collab', 'added', 'pink', 'twb', 'show', 'support', 'kiko', 'pangilinan']",Neutral,0.5765028595924377
ibinahagi prayoridad sektor mabilis pag-ahon ekonomiya bansa comelec presidential debate march,"['ibinahagi', 'prayoridad', 'sektor', 'mabilis', 'pag-ahon', 'ekonomiya', 'bansa', 'comelec', 'presidential', 'debate', 'march']",Neutral,0.5753671526908875
president salamat ces drilon huhusga sayo pipiliin kapakinabangan tao,"['president', 'salamat', 'ces', 'drilon', 'huhusga', 'sayo', 'pipiliin', 'kapakinabangan', 'tao']",Neutral,0.5752305388450623
tandem presidential contender vice president sen francis kiko pangilinan gained support priests diocese gumaca province quezon,"['tandem', 'presidential', 'contender', 'vice', 'president', 'sen', 'francis', 'kiko', 'pangilinan', 'gained', 'support', 'priests', 'diocese', 'gumaca', 'province', 'quezon']",Neutral,0.5741065740585327
uniteam inday sara duterde ends campaign rally record-breaking crowds million supporters paranaque luzon final miting avance.#botongpinoy,"['uniteam', 'inday', 'sara', 'duterde', 'ends', 'campaign', 'rally', 'record-breaking', 'crowds', 'million', 'supporters', 'paranaque', 'luzon', 'final', 'miting', 'avance.#botongpinoy']",Neutral,0.5719648599624634
uniteam tandem former senator ferdinand davao city sara duterte-carpio kept hold top spots octa research team's presidential vice-presidential surveys,"['uniteam', 'tandem', 'former', 'senator', 'ferdinand', 'davao', 'city', 'sara', 'duterte-carpio', 'kept', 'hold', 'top', 'spots', 'octa', 'research', ""team's"", 'presidential', 'vice-presidential', 'surveys']",Neutral,0.5717360377311707
said di naniniwala deadlines felt,"['said', 'di', 'naniniwala', 'deadlines', 'felt']",Neutral,0.5716195106506348
days election president vice president sara duterte sorry ayaw talaga kay kiko,"['days', 'election', 'president', 'vice', 'president', 'sara', 'duterte', 'sorry', 'ayaw', 'talaga', 'kay', 'kiko']",Neutral,0.5715956091880798
tatanglaw buong bayan ilaw tahanan vp,"['tatanglaw', 'buong', 'bayan', 'ilaw', 'tahanan', 'vp']",Neutral,0.5714743733406067
full story,"['full', 'story']",Neutral,0.5713961124420166
waiting,['waiting'],Neutral,0.5711022019386292
best job woman vp,"['best', 'job', 'woman', 'vp']",Neutral,0.5706300139427185
best job woman vp,"['best', 'job', 'woman', 'vp']",Neutral,0.5706300139427185
jumped national unity party aksyon demokratiko months filing coc hit vp running independent presidential aspirant,"['jumped', 'national', 'unity', 'party', 'aksyon', 'demokratiko', 'months', 'filing', 'coc', 'hit', 'vp', 'running', 'independent', 'presidential', 'aspirant']",Neutral,0.5704174637794495
thousands kakampinks gathered saturday heart makati city's central business district mount last show force vice president robredo's presidential campaign full story,"['thousands', 'kakampinks', 'gathered', 'saturday', 'heart', 'makati', ""city's"", 'central', 'business', 'district', 'mount', 'last', 'show', 'force', 'vice', 'president', ""robredo's"", 'presidential', 'campaign', 'full', 'story']",Neutral,0.5693592429161072
tingnan lumiban rin ikalawang debate comelec si presidential candidate via kath forbes,"['tingnan', 'lumiban', 'rin', 'ikalawang', 'debate', 'comelec', 'si', 'presidential', 'candidate', 'via', 'kath', 'forbes']",Neutral,0.568132758140564
vp speaking bicol language hope someone translates later cz heard mentioned jesse,"['vp', 'speaking', 'bicol', 'language', 'hope', 'someone', 'translates', 'later', 'cz', 'heard', 'mentioned', 'jesse']",Neutral,0.5677640438079834
i@love listening sass https://t.co/2siivji1df,"['i@love', 'listening', 'sass', 'https://t.co/2siivji1df']",Neutral,0.5674791932106018
never heard vp npa ok there's nonstop red-tagging volunteers there's also allegation would form coalition government cpp-npa-ndf clear lie said,"['never', 'heard', 'vp', 'npa', 'ok', ""there's"", 'nonstop', 'red-tagging', 'volunteers', ""there's"", 'also', 'allegation', 'would', 'form', 'coalition', 'government', 'cpp-npa-ndf', 'clear', 'lie', 'said']",Neutral,0.5662474632263184
day nagjumping ropes lang today hopefully next week ganahan presidente natin si,"['day', 'nagjumping', 'ropes', 'lang', 'today', 'hopefully', 'next', 'week', 'ganahan', 'presidente', 'natin', 'si']",Neutral,0.565906286239624
manifesting pres,"['manifesting', 'pres']",Neutral,0.565133273601532
lacson/de attend,"['lacson/de', 'attend']",Neutral,0.5649992227554321
philippine vp runs president duterte's candidate bloomberg,"['philippine', 'vp', 'runs', 'president', ""duterte's"", 'candidate', 'bloomberg']",Neutral,0.5648577213287354
naririnig padin tenga presidente,"['naririnig', 'padin', 'tenga', 'presidente']",Neutral,0.5637176632881165
maria leonor gerona th president republic philippines,"['maria', 'leonor', 'gerona', 'th', 'president', 'republic', 'philippines']",Neutral,0.5599349737167358
tatanglaw buong bayan ilaw tahanan president,"['tatanglaw', 'buong', 'bayan', 'ilaw', 'tahanan', 'president']",Neutral,0.5598394274711609
i'm beach front drinking tapos ilang beses sinabing presidente nagpatugtpg rosas live session omg kinikilig aq much,"[""i'm"", 'beach', 'front', 'drinking', 'tapos', 'ilang', 'beses', 'sinabing', 'presidente', 'nagpatugtpg', 'rosas', 'live', 'session', 'omg', 'kinikilig', 'aq', 'much']",Neutral,0.557364284992218
president sarah duterte vice president vote jihyo united kingdom fighting,"['president', 'sarah', 'duterte', 'vice', 'president', 'vote', 'jihyo', 'united', 'kingdom', 'fighting']",Neutral,0.5564970970153809
ngayong darating halalan tatanglaw buong bayan ilaw tahanan vice president,"['ngayong', 'darating', 'halalan', 'tatanglaw', 'buong', 'bayan', 'ilaw', 'tahanan', 'vice', 'president']",Neutral,0.556469738483429
current members alumni pugad sayk officially showing support president kiko pangilinan vice president upcoming philippine national elections view official endorsement statement,"['current', 'members', 'alumni', 'pugad', 'sayk', 'officially', 'showing', 'support', 'president', 'kiko', 'pangilinan', 'vice', 'president', 'upcoming', 'philippine', 'national', 'elections', 'view', 'official', 'endorsement', 'statement']",Neutral,0.5563055872917175
iglesia cristo officially endorsed candidacies uniteam bets former senator ferdinand davao city sara duterte national elections,"['iglesia', 'cristo', 'officially', 'endorsed', 'candidacies', 'uniteam', 'bets', 'former', 'senator', 'ferdinand', 'davao', 'city', 'sara', 'duterte', 'national', 'elections']",Neutral,0.556029200553894
liberal party chair vp explains seeking presidency independent candidate rival manila criticized changing colors lp's yellow chosen campaign color pink,"['liberal', 'party', 'chair', 'vp', 'explains', 'seeking', 'presidency', 'independent', 'candidate', 'rival', 'manila', 'criticized', 'changing', 'colors', ""lp's"", 'yellow', 'chosen', 'campaign', 'color', 'pink']",Neutral,0.5544236302375793
asked masisiguring napapangalagaan nutrisyon pilipino lalo mahihirap mangondato's responses updates,"['asked', 'masisiguring', 'napapangalagaan', 'nutrisyon', 'pilipino', 'lalo', 'mahihirap', ""mangondato's"", 'responses', 'updates']",Neutral,0.5529528856277466
cebu full effect presidente bise presidente kiko pangilinan time one gary valenciano cttro,"['cebu', 'full', 'effect', 'presidente', 'bise', 'presidente', 'kiko', 'pangilinan', 'time', 'one', 'gary', 'valenciano', 'cttro']",Neutral,0.5518067479133606
trending rin playlist spotify,"['trending', 'rin', 'playlist', 'spotify']",Neutral,0.5502950549125671
vp exits sofitel tent comelec debates daughters aika amp tricia stops bit greet supporters waited outside venue,"['vp', 'exits', 'sofitel', 'tent', 'comelec', 'debates', 'daughters', 'aika', 'amp', 'tricia', 'stops', 'bit', 'greet', 'supporters', 'waited', 'outside', 'venue']",Neutral,0.5498096942901611
po wag nating hanapin ayaw namang humarap anong oras nandito po hinaharap kayo pinapakipaglaban kayo true leaders show amp po darating best job woman vp,"['po', 'wag', 'nating', 'hanapin', 'ayaw', 'namang', 'humarap', 'anong', 'oras', 'nandito', 'po', 'hinaharap', 'kayo', 'pinapakipaglaban', 'kayo', 'true', 'leaders', 'show', 'amp', 'po', 'darating', 'best', 'job', 'woman', 'vp']",Neutral,0.5445491075515747
most-awaited address vp akeanon supporters screenshot youth leni-kiko aklan,"['most-awaited', 'address', 'vp', 'akeanon', 'supporters', 'screenshot', 'youth', 'leni-kiko', 'aklan']",Neutral,0.5433762669563293
manifesting president,"['manifesting', 'president']",Neutral,0.5432261824607849
meed hold pilipinas vice much run presifent need,"['meed', 'hold', 'pilipinas', 'vice', 'much', 'run', 'presifent', 'need']",Neutral,0.5418913960456848
iloilo th district pink kiko pangilinan chel diokno luke espiritu carl balita neri colmenares risa hontiveros carmen zubiaga sonny trillanes leila alex sonny matula teddy baguilat elmer labog,"['iloilo', 'th', 'district', 'pink', 'kiko', 'pangilinan', 'chel', 'diokno', 'luke', 'espiritu', 'carl', 'balita', 'neri', 'colmenares', 'risa', 'hontiveros', 'carmen', 'zubiaga', 'sonny', 'trillanes', 'leila', 'alex', 'sonny', 'matula', 'teddy', 'baguilat', 'elmer', 'labog']",Neutral,0.5416503548622131
vp presidential bet aklan stop taon people power kasagsagan dictatorship nung nag-uumpisa lang rallies demonstrations nag umpisa kaunti pagbabago lipunan nagsisimula kakaunting malakas loob.@gmanews,"['vp', 'presidential', 'bet', 'aklan', 'stop', 'taon', 'people', 'power', 'kasagsagan', 'dictatorship', 'nung', 'nag-uumpisa', 'lang', 'rallies', 'demonstrations', 'nag', 'umpisa', 'kaunti', 'pagbabago', 'lipunan', 'nagsisimula', 'kakaunting', 'malakas', 'loob.@gmanews']",Neutral,0.5409366488456726
sang-ayon pare labor leader told fellow presidential candidate manila,"['sang-ayon', 'pare', 'labor', 'leader', 'told', 'fellow', 'presidential', 'candidate', 'manila']",Neutral,0.5391212701797485
sorry jaime lopez principal author ra regarding national youth council,"['sorry', 'jaime', 'lopez', 'principal', 'author', 'ra', 'regarding', 'national', 'youth', 'council']",Neutral,0.538898766040802
google trends update philippine elections president movement vice-president duterte pangilinan sotto movement,"['google', 'trends', 'update', 'philippine', 'elections', 'president', 'movement', 'vice-president', 'duterte', 'pangilinan', 'sotto', 'movement']",Neutral,0.5376814007759094
catholic protestant church kiko pangilinan,"['catholic', 'protestant', 'church', 'kiko', 'pangilinan']",Neutral,0.5352908372879028
that's actual quote daddy's girls interview nikko dizon philippine daily inquirer published way quote card made rounds link pdi,"[""that's"", 'actual', 'quote', ""daddy's"", 'girls', 'interview', 'nikko', 'dizon', 'philippine', 'daily', 'inquirer', 'published', 'way', 'quote', 'card', 'made', 'rounds', 'link', 'pdi']",Neutral,0.5349296927452087
problema kapitalista presyo bilihin natutunan presidential candidate ngayong kampanya,"['problema', 'kapitalista', 'presyo', 'bilihin', 'natutunan', 'presidential', 'candidate', 'ngayong', 'kampanya']",Neutral,0.5318118333816528
philippines might finally integrate nuclear power plants energy mix presidential race frontrunner former senator vowed speed adoption elected palace monday full story,"['philippines', 'might', 'finally', 'integrate', 'nuclear', 'power', 'plants', 'energy', 'mix', 'presidential', 'race', 'frontrunner', 'former', 'senator', 'vowed', 'speed', 'adoption', 'elected', 'palace', 'monday', 'full', 'story']",Neutral,0.5314720273017883
vp anong kuwento po ipakalat totoo kumpleto po resibo po nating hanapin ayaw pong humarap oras nandito po hinaharap kayo ipinapaglaban po kayo,"['vp', 'anong', 'kuwento', 'po', 'ipakalat', 'totoo', 'kumpleto', 'po', 'resibo', 'po', 'nating', 'hanapin', 'ayaw', 'pong', 'humarap', 'oras', 'nandito', 'po', 'hinaharap', 'kayo', 'ipinapaglaban', 'po', 'kayo']",Neutral,0.5298314094543457
directs question answers people cause corruption contrast answered systemic brings electoral system sustains political dynasties,"['directs', 'question', 'answers', 'people', 'cause', 'corruption', 'contrast', 'answered', 'systemic', 'brings', 'electoral', 'system', 'sustains', 'political', 'dynasties']",Neutral,0.5293368697166443
eto po ah paliwanagan po kayo yung puro conclusion punto senator mali sagot vp kasi farm market road bagamat infrastructure saklaw build build build program ayan po ah simple lang po yan,"['eto', 'po', 'ah', 'paliwanagan', 'po', 'kayo', 'yung', 'puro', 'conclusion', 'punto', 'senator', 'mali', 'sagot', 'vp', 'kasi', 'farm', 'market', 'road', 'bagamat', 'infrastructure', 'saklaw', 'build', 'build', 'build', 'program', 'ayan', 'po', 'ah', 'simple', 'lang', 'po', 'yan']",Neutral,0.5290331244468689
sec president,"['sec', 'president']",Neutral,0.5281816124916077
vp tinupad pangakong babalik city negros occidental,"['vp', 'tinupad', 'pangakong', 'babalik', 'city', 'negros', 'occidental']",Neutral,0.527917742729187
ferdinand puntahan natin asean magpatulong asean asean meron ding binubuo code conduct asean china sana maipasa yan,"['ferdinand', 'puntahan', 'natin', 'asean', 'magpatulong', 'asean', 'asean', 'meron', 'ding', 'binubuo', 'code', 'conduct', 'asean', 'china', 'sana', 'maipasa', 'yan']",Neutral,0.5276160836219788
ferdinand puntahan natin asean magpatulong asean asean meron ding binubuo code conduct asean china sana maipasa yan,"['ferdinand', 'puntahan', 'natin', 'asean', 'magpatulong', 'asean', 'asean', 'meron', 'ding', 'binubuo', 'code', 'conduct', 'asean', 'china', 'sana', 'maipasa', 'yan']",Neutral,0.5276160836219788
fans club president,"['fans', 'club', 'president']",Neutral,0.5241983532905579
ilonggo leaders led sen frank drilon gov toto defensor jerry trenas raised hands vp ilonggo's choice malacanang,"['ilonggo', 'leaders', 'led', 'sen', 'frank', 'drilon', 'gov', 'toto', 'defensor', 'jerry', 'trenas', 'raised', 'hands', 'vp', ""ilonggo's"", 'choice', 'malacanang']",Neutral,0.5241366624832153
hello i'm selling satin ribbons po size inch width yard length shopee,"['hello', ""i'm"", 'selling', 'satin', 'ribbons', 'po', 'size', 'inch', 'width', 'yard', 'length', 'shopee']",Neutral,0.5240158438682556
senator takes swipe lone absentee regarding family's unpaid estate taxes,"['senator', 'takes', 'swipe', 'lone', 'absentee', 'regarding', ""family's"", 'unpaid', 'estate', 'taxes']",Neutral,0.5236942768096924
answering question he's willing make ph member quad said depends advantageous country also says philippines must policy included foreign policies,"['answering', 'question', ""he's"", 'willing', 'make', 'ph', 'member', 'quad', 'said', 'depends', 'advantageous', 'country', 'also', 'says', 'philippines', 'must', 'policy', 'included', 'foreign', 'policies']",Neutral,0.5231538414955139
entrance vp frontrunner sara duterte marcos-sara duterte uniteam luzon miting avance,"['entrance', 'vp', 'frontrunner', 'sara', 'duterte', 'marcos-sara', 'duterte', 'uniteam', 'luzon', 'miting', 'avance']",Neutral,0.5216770768165588
best job woman,"['best', 'job', 'woman']",Neutral,0.5216102600097656
best job woman,"['best', 'job', 'woman']",Neutral,0.5216102600097656
si fm sr nanalo nung si vp nung layo reference dear abangan natin,"['si', 'fm', 'sr', 'nanalo', 'nung', 'si', 'vp', 'nung', 'layo', 'reference', 'dear', 'abangan', 'natin']",Neutral,0.5188908576965332
po darating best job woman vp,"['po', 'darating', 'best', 'job', 'woman', 'vp']",Neutral,0.5188008546829224
president maria leonor gerona,"['president', 'maria', 'leonor', 'gerona']",Neutral,0.5179941654205322
manifesting universe maria leonor gerona th president republic philippines,"['manifesting', 'universe', 'maria', 'leonor', 'gerona', 'th', 'president', 'republic', 'philippines']",Neutral,0.5176306366920471
archived page senate profile interview would show claimed obtained bachelor's degree university oxford misrepresentation,"['archived', 'page', 'senate', 'profile', 'interview', 'would', 'show', 'claimed', 'obtained', ""bachelor's"", 'degree', 'university', 'oxford', 'misrepresentation']",Neutral,0.5172913074493408
nagpanic si pres duterte binigyan taning si general via,"['nagpanic', 'si', 'pres', 'duterte', 'binigyan', 'taning', 'si', 'general', 'via']",Neutral,0.5153203010559082
links prove bbm failed twice oxford exams finish degree,"['links', 'prove', 'bbm', 'failed', 'twice', 'oxford', 'exams', 'finish', 'degree']",Neutral,0.5122329592704773
far like ernesto pwede ra ivote bahala dili strategic,"['far', 'like', 'ernesto', 'pwede', 'ra', 'ivote', 'bahala', 'dili', 'strategic']",Neutral,0.5117572546005249
labor leader closing statement says enough change president there's need change systems policies benefit rich,"['labor', 'leader', 'closing', 'statement', 'says', 'enough', 'change', 'president', ""there's"", 'need', 'change', 'systems', 'policies', 'benefit', 'rich']",Neutral,0.5110167264938354
wag nating hanapin yung ayaw humarap vice president,"['wag', 'nating', 'hanapin', 'yung', 'ayaw', 'humarap', 'vice', 'president']",Neutral,0.5096412897109985
sure po yung article case hanapan kayo source,"['sure', 'po', 'yung', 'article', 'case', 'hanapan', 'kayo', 'source']",Neutral,0.5090720653533936
filipinos pink cheer robredo's presidential run,"['filipinos', 'pink', 'cheer', ""robredo's"", 'presidential', 'run']",Neutral,0.5086461901664734
ipapanalo pilipino president vice president kiko pangilinan,"['ipapanalo', 'pilipino', 'president', 'vice', 'president', 'kiko', 'pangilinan']",Neutral,0.5073311924934387
anyway number balota,"['anyway', 'number', 'balota']",Neutral,0.5070374011993408
nagkaisa sina panfilo suportahan chr patuloy nitong magampanan mandato basahin kaugnay ulat,"['nagkaisa', 'sina', 'panfilo', 'suportahan', 'chr', 'patuloy', 'nitong', 'magampanan', 'mandato', 'basahin', 'kaugnay', 'ulat']",Neutral,0.5068585276603699
bkt si,"['bkt', 'si']",Neutral,0.5065714716911316
one time presidente bise presidente kiko pangilinan presidente-leni bise presidente kiko pangilinan,"['one', 'time', 'presidente', 'bise', 'presidente', 'kiko', 'pangilinan', 'presidente-leni', 'bise', 'presidente', 'kiko', 'pangilinan']",Neutral,0.5054758787155151
absent smni presidential debate abala rin pang kandidato pagkapangulo roxas city capiz bumisita si vice pres kasama kaniyang team,"['absent', 'smni', 'presidential', 'debate', 'abala', 'rin', 'pang', 'kandidato', 'pagkapangulo', 'roxas', 'city', 'capiz', 'bumisita', 'si', 'vice', 'pres', 'kasama', 'kaniyang', 'team']",Neutral,0.5033347606658936
apple watch sales kay vp sisters,"['apple', 'watch', 'sales', 'kay', 'vp', 'sisters']",Neutral,0.5032206177711487
describes sen,"['describes', 'sen']",Neutral,0.5029451251029968
sinearch tapos suggestions si,"['sinearch', 'tapos', 'suggestions', 'si']",Neutral,0.5023853182792664
opinion imelda marcos's shoe collection glimpse frightening reign,"['opinion', 'imelda', ""marcos's"", 'shoe', 'collection', 'glimpse', 'frightening', 'reign']",Neutral,0.4982237219810486
miss amp mr kiko pangilinan busy campaigning please time read holy sripture matthew holy bible,"['miss', 'amp', 'mr', 'kiko', 'pangilinan', 'busy', 'campaigning', 'please', 'time', 'read', 'holy', 'sripture', 'matthew', 'holy', 'bible']",Neutral,0.49817153811454773
vp volunteer center,"['vp', 'volunteer', 'center']",Neutral,0.4973568618297577
vp,['vp'],Neutral,0.49625110626220703
vp,['vp'],Neutral,0.49625110626220703
davao del sur governor davao del norte governor supporting vp dun nararapat wag nakasanayan ipanalo natin,"['davao', 'del', 'sur', 'governor', 'davao', 'del', 'norte', 'governor', 'supporting', 'vp', 'dun', 'nararapat', 'wag', 'nakasanayan', 'ipanalo', 'natin']",Neutral,0.49558982253074646
My President vp My Vice President doc willie,"['My', 'President', 'vp', 'My', 'Vice', 'President', 'doc', 'willie']",Neutral,0.49475952982902527
nanibago city pagtupad pangakong bisitahin siyudad tuwang-tuwa taga-bago nakarating si send leni-kiko bantayan park matapos matuloy unang bisita noong pebrero,"['nanibago', 'city', 'pagtupad', 'pangakong', 'bisitahin', 'siyudad', 'tuwang-tuwa', 'taga-bago', 'nakarating', 'si', 'send', 'leni-kiko', 'bantayan', 'park', 'matapos', 'matuloy', 'unang', 'bisita', 'noong', 'pebrero']",Neutral,0.49213284254074097
lot said we'll never another lifetime like worth everything president description vid succeeding tweets,"['lot', 'said', ""we'll"", 'never', 'another', 'lifetime', 'like', 'worth', 'everything', 'president', 'description', 'vid', 'succeeding', 'tweets']",Neutral,0.4913627505302429
grabe napangiti video matulog..ang saya supporter vp th philippine president,"['grabe', 'napangiti', 'video', 'matulog..ang', 'saya', 'supporter', 'vp', 'th', 'philippine', 'president']",Neutral,0.48968467116355896
manifesting president maria leonor gerona-robredo vice president francis kiko pangilinan,"['manifesting', 'president', 'maria', 'leonor', 'gerona-robredo', 'vice', 'president', 'francis', 'kiko', 'pangilinan']",Neutral,0.48884788155555725
right snub interviews debates attend one,"['right', 'snub', 'interviews', 'debates', 'attend', 'one']",Neutral,0.4885309040546417
presidential candidate ferdinand upped call thursday vigilance guarding votes saying undesirable events could happen people watching,"['presidential', 'candidate', 'ferdinand', 'upped', 'call', 'thursday', 'vigilance', 'guarding', 'votes', 'saying', 'undesirable', 'events', 'could', 'happen', 'people', 'watching']",Neutral,0.4844582676887512
pilipinas debates turning point performance rankings ernesto due absent,"['pilipinas', 'debates', 'turning', 'point', 'performance', 'rankings', 'ernesto', 'due', 'absent']",Neutral,0.48409292101860046
website po wow confident,"['website', 'po', 'wow', 'confident']",Neutral,0.4838430881500244
wag sayangin,"['wag', 'sayangin']",Neutral,0.48256438970565796
lang sakalam smni debates matter,"['lang', 'sakalam', 'smni', 'debates', 'matter']",Neutral,0.47747644782066345
last tweet election please wag natin sasayangin kiko pangilinan nasa magandang kinabukasan bansa inaasam asam,"['last', 'tweet', 'election', 'please', 'wag', 'natin', 'sasayangin', 'kiko', 'pangilinan', 'nasa', 'magandang', 'kinabukasan', 'bansa', 'inaasam', 'asam']",Neutral,0.4762348234653473
non-filo moots might wondering confused philippines presidential election th want show support presidential bet thus pink layouts tweets lt,"['non-filo', 'moots', 'might', 'wondering', 'confused', 'philippines', 'presidential', 'election', 'th', 'want', 'show', 'support', 'presidential', 'bet', 'thus', 'pink', 'layouts', 'tweets', 'lt']",Neutral,0.4757445156574249
wag nating hanapin ayaw humarap vp,"['wag', 'nating', 'hanapin', 'ayaw', 'humarap', 'vp']",Neutral,0.4750518500804901
maganda sana pederal autonomous region,"['maganda', 'sana', 'pederal', 'autonomous', 'region']",Neutral,0.473167359828949
got right fix structure first political system,"['got', 'right', 'fix', 'structure', 'first', 'political', 'system']",Neutral,0.4727625548839569
nakakalito kasi yung pink background nung nagsuntukan yun switch kasi nasuntok hahaha ba yan dumagdag isip laman buong araw presidente bise presidente kiko pangilinan lezzgow,"['nakakalito', 'kasi', 'yung', 'pink', 'background', 'nung', 'nagsuntukan', 'yun', 'switch', 'kasi', 'nasuntok', 'hahaha', 'ba', 'yan', 'dumagdag', 'isip', 'laman', 'buong', 'araw', 'presidente', 'bise', 'presidente', 'kiko', 'pangilinan', 'lezzgow']",Neutral,0.4713863730430603
hello looking list achievements yung parang resume type like research purposes,"['hello', 'looking', 'list', 'achievements', 'yung', 'parang', 'resume', 'type', 'like', 'research', 'purposes']",Neutral,0.46931716799736023
article talks team,"['article', 'talks', 'team']",Neutral,0.4653571546077728
genuine question bbm supporters support,"['genuine', 'question', 'bbm', 'supporters', 'support']",Neutral,0.46283164620399475
sec move diyan suportahan pilipinas halip consensus gawing majority pag de-desisyon,"['sec', 'move', 'diyan', 'suportahan', 'pilipinas', 'halip', 'consensus', 'gawing', 'majority', 'pag', 'de-desisyon']",Neutral,0.45729565620422363
i'm convincing family vote realized qualifications sit office searching also check priviledge,"[""i'm"", 'convincing', 'family', 'vote', 'realized', 'qualifications', 'sit', 'office', 'searching', 'also', 'check', 'priviledge']",Neutral,0.4558439552783966
yeah agree mr let's review agrarian reform kasi need consolidate small parcels land really make farmers prosperous,"['yeah', 'agree', 'mr', ""let's"", 'review', 'agrarian', 'reform', 'kasi', 'need', 'consolidate', 'small', 'parcels', 'land', 'really', 'make', 'farmers', 'prosperous']",Neutral,0.45373934507369995
agriculture infrastructures asia's logistic hub digital infra continuation bbb energy renewables education,"['agriculture', 'infrastructures', ""asia's"", 'logistic', 'hub', 'digital', 'infra', 'continuation', 'bbb', 'energy', 'renewables', 'education']",Neutral,0.452053040266037
pinaiiyak naman robredo's account youtube,"['pinaiiyak', 'naman', ""robredo's"", 'account', 'youtube']",Neutral,0.45183414220809937
philippines election poised become president history rewritten philippines guardian,"['philippines', 'election', 'poised', 'become', 'president', 'history', 'rewritten', 'philippines', 'guardian']",Neutral,0.45129895210266113
philippines election poised become president history rewritten philippines guardian,"['philippines', 'election', 'poised', 'become', 'president', 'history', 'rewritten', 'philippines', 'guardian']",Neutral,0.45129895210266113
supporting sme long lasting poverty solutions,"['supporting', 'sme', 'long', 'lasting', 'poverty', 'solutions']",Neutral,0.4507313370704651
pinol joins senate slate non-administration candidates vicente sotto iii,"['pinol', 'joins', 'senate', 'slate', 'non-administration', 'candidates', 'vicente', 'sotto', 'iii']",Neutral,0.44758641719818115
even understand they're supporting please research understand tf,"['even', 'understand', ""they're"", 'supporting', 'please', 'research', 'understand', 'tf']",Neutral,0.44584113359451294
tambak ebidensya panalo si via,"['tambak', 'ebidensya', 'panalo', 'si', 'via']",Neutral,0.44398170709609985
one one debate instead aside fact iq level communications skills chance defeat win,"['one', 'one', 'debate', 'instead', 'aside', 'fact', 'iq', 'level', 'communications', 'skills', 'chance', 'defeat', 'win']",Neutral,0.4413413107395172
tingnan sagot nang tanungin magiging regulasyon ipaiiral makontrol fake news social media,"['tingnan', 'sagot', 'nang', 'tanungin', 'magiging', 'regulasyon', 'ipaiiral', 'makontrol', 'fake', 'news', 'social', 'media']",Neutral,0.43654870986938477
please aaaaaaa,"['please', 'aaaaaaa']",Neutral,0.4354708790779114
release asmr videos nakakaantok yung boses potek,"['release', 'asmr', 'videos', 'nakakaantok', 'yung', 'boses', 'potek']",Neutral,0.43083348870277405
want tarp sumn,"['want', 'tarp', 'sumn']",Neutral,0.4300541877746582
yung tulungan si senior citizen nah katamad ring,"['yung', 'tulungan', 'si', 'senior', 'citizen', 'nah', 'katamad', 'ring']",Neutral,0.4297756552696228
eyes philippines leftist comrades world pray win upcoming national election,"['eyes', 'philippines', 'leftist', 'comrades', 'world', 'pray', 'win', 'upcoming', 'national', 'election']",Neutral,0.4279499351978302
pag kumakausap bbm voter still pitch also offer alternative since galit aquinos/lp really anger system napakagaling lang camp nai-market si masa,"['pag', 'kumakausap', 'bbm', 'voter', 'still', 'pitch', 'also', 'offer', 'alternative', 'since', 'galit', 'aquinos/lp', 'really', 'anger', 'system', 'napakagaling', 'lang', 'camp', 'nai-market', 'si', 'masa']",Neutral,0.42707347869873047
great choice made president choosing senator kiko pangilinan running mate election change hands allow darkness would reigned country turn righteousness never,"['great', 'choice', 'made', 'president', 'choosing', 'senator', 'kiko', 'pangilinan', 'running', 'mate', 'election', 'change', 'hands', 'allow', 'darkness', 'would', 'reigned', 'country', 'turn', 'righteousness', 'never']",Neutral,0.4263482093811035
yung babaeng naagrabyado administrasyong nagtatagumpay hidilyn diaz maria ressa kasunod,"['yung', 'babaeng', 'naagrabyado', 'administrasyong', 'nagtatagumpay', 'hidilyn', 'diaz', 'maria', 'ressa', 'kasunod']",Neutral,0.4256775677204132
ferdinand malakas balik pag-create trabaho,"['ferdinand', 'malakas', 'balik', 'pag-create', 'trabaho']",Neutral,0.4214376211166382
vote wisely vote,"['vote', 'wisely', 'vote']",Neutral,0.4205722510814667
happen,['happen'],Neutral,0.41914641857147217
kumpara natin sagot,"['kumpara', 'natin', 'sagot']",Neutral,0.4183712899684906
notice kakampinks saying they're place reason support,"['notice', 'kakampinks', 'saying', ""they're"", 'place', 'reason', 'support']",Neutral,0.41706740856170654
share video far wide ipapanuod palengke estasyon jeep eskinita parke social media atbp si lider,"['share', 'video', 'far', 'wide', 'ipapanuod', 'palengke', 'estasyon', 'jeep', 'eskinita', 'parke', 'social', 'media', 'atbp', 'si', 'lider']",Neutral,0.41652625799179077
think yung comelec jan sabotaging tearing tarpaulins support people can't denied look,"['think', 'yung', 'comelec', 'jan', 'sabotaging', 'tearing', 'tarpaulins', 'support', 'people', ""can't"", 'denied', 'look']",Neutral,0.4159586429595947
bangui windmills pet project,"['bangui', 'windmills', 'pet', 'project']",Neutral,0.41327881813049316
yes saln released public fm,"['yes', 'saln', 'released', 'public', 'fm']",Neutral,0.4102817475795746
di nakkiki band wagon nakukuha sen wait lang ha sure nakukuha talaga mamshie di explain,"['di', 'nakkiki', 'band', 'wagon', 'nakukuha', 'sen', 'wait', 'lang', 'ha', 'sure', 'nakukuha', 'talaga', 'mamshie', 'di', 'explain']",Neutral,0.4080379009246826
anlalayo tanaw di kilala yung si first world country si lang lapat lupa sagot si sumikat pilipinas lampas pre-pandemic yung inisponsorang debate uniteam tanong abt pandemic,"['anlalayo', 'tanaw', 'di', 'kilala', 'yung', 'si', 'first', 'world', 'country', 'si', 'lang', 'lapat', 'lupa', 'sagot', 'si', 'sumikat', 'pilipinas', 'lampas', 'pre-pandemic', 'yung', 'inisponsorang', 'debate', 'uniteam', 'tanong', 'abt', 'pandemic']",Neutral,0.40594717860221863
baller,['baller'],Neutral,0.40570902824401855
wag natin hanapin ayaw humarap saatin vp,"['wag', 'natin', 'hanapin', 'ayaw', 'humarap', 'saatin', 'vp']",Neutral,0.40565621852874756
philippines election poised become president history rewritten,"['philippines', 'election', 'poised', 'become', 'president', 'history', 'rewritten']",Neutral,0.404621422290802
year-old cousin asked mabait ba si years old yes aware oo sagot,"['year-old', 'cousin', 'asked', 'mabait', 'ba', 'si', 'years', 'old', 'yes', 'aware', 'oo', 'sagot']",Neutral,0.4005645215511322
left earth,"['left', 'earth']",Neutral,0.3999156653881073
pinilit pigilan luha iniintroduce sisters si,"['pinilit', 'pigilan', 'luha', 'iniintroduce', 'sisters', 'si']",Neutral,0.3994080722332001
conclusion candidates forum robredo's platform clearest coherent proposals mishaps yes overshadowed fact answers clear specific,"['conclusion', 'candidates', 'forum', ""robredo's"", 'platform', 'clearest', 'coherent', 'proposals', 'mishaps', 'yes', 'overshadowed', 'fact', 'answers', 'clear', 'specific']",Neutral,0.3927542567253113
lodi,['lodi'],Neutral,0.39097344875335693
,[],Neutral,0.3907422125339508
,[],Neutral,0.3907422125339508
pagalawin baso,"['pagalawin', 'baso']",Neutral,0.3907422125339508
,[],Neutral,0.3907422125339508
lakson,['lakson'],Neutral,0.3907422125339508
,[],Neutral,0.3907422125339508
,[],Neutral,0.3907422125339508
,[],Neutral,0.3907422125339508
kanina nagchat yung tito side mama laking isabela ilokano iboboto si mar/cos asking shirt vp tinanong maayos bastos,"['kanina', 'nagchat', 'yung', 'tito', 'side', 'mama', 'laking', 'isabela', 'ilokano', 'iboboto', 'si', 'mar/cos', 'asking', 'shirt', 'vp', 'tinanong', 'maayos', 'bastos']",Neutral,0.3889555335044861
patawa talaga kayo sec succeeding showing filipinos better choices leno,"['patawa', 'talaga', 'kayo', 'sec', 'succeeding', 'showing', 'filipinos', 'better', 'choices', 'leno']",Neutral,0.3883962333202362
kasi right i'm looking promising i'm looking big window time read materials left right really pick two,"['kasi', 'right', ""i'm"", 'looking', 'promising', ""i'm"", 'looking', 'big', 'window', 'time', 'read', 'materials', 'left', 'right', 'really', 'pick', 'two']",Neutral,0.3878389894962311
quillbot,['quillbot'],Neutral,0.3838525712490082
dr entertainment purposes i've good laugh,"['dr', 'entertainment', 'purposes', ""i've"", 'good', 'laugh']",Neutral,0.38347768783569336
maka baby akong subscribers youtube try persuade iboto si president,"['maka', 'baby', 'akong', 'subscribers', 'youtube', 'try', 'persuade', 'iboto', 'si', 'president']",Neutral,0.37855008244514465
duterte pilipinas ps mas naparami lang yung kay,"['duterte', 'pilipinas', 'ps', 'mas', 'naparami', 'lang', 'yung', 'kay']",Neutral,0.37264254689216614
murag nagpabilin nalang jod rason nganong ivote nako si bbm kay tungod sandro lousy kay poor jod arguments debates kay buwaya makipag sagutan awa ra gud si bahalag nonsense tuloy i'm starting like vp,"['murag', 'nagpabilin', 'nalang', 'jod', 'rason', 'nganong', 'ivote', 'nako', 'si', 'bbm', 'kay', 'tungod', 'sandro', 'lousy', 'kay', 'poor', 'jod', 'arguments', 'debates', 'kay', 'buwaya', 'makipag', 'sagutan', 'awa', 'ra', 'gud', 'si', 'bahalag', 'nonsense', 'tuloy', ""i'm"", 'starting', 'like', 'vp']",Neutral,0.35767173767089844
alam yan kundi mangurakot utang loob maawa kayo bayan natin president kiko pangilinan vice president,"['alam', 'yan', 'kundi', 'mangurakot', 'utang', 'loob', 'maawa', 'kayo', 'bayan', 'natin', 'president', 'kiko', 'pangilinan', 'vice', 'president']",Neutral,0.34854185581207275
